location,avg_temperature,avg_humidity
BuildingA_Floor1,24.606714285714293,54.591071428571425
BuildingB_Floor2,23.919006211180115,54.5480745341615
BuildingA_Floor2,23.77090322580644,54.898709677419376
BuildingB_Floor1,23.636838709677416,55.00025806451613
